"scenario","in","prod","waste","irrev","eff"
"gridCase_minCost","6197.01180587603","64.8407811133631","134.01356220896","5998.15746255371","1.046323343323"
