"scenario","in","prod","waste","irrev","eff"
"designCase_minWater","15897.4125","64.8407811133631","5591.10642788525","10241.4652910014","0.407870029876642"
