"scenario","in","prod","waste","irrev","eff"
"wildcard_medium_minCost","9.71990843710628","64.8407811133631","90.1959639884224","-145.316836664679","667.092509491446"
