"scenario","in","prod","waste","irrev","eff"
"wildcard_current_minCost","26.3297433619275","64.8407811133631","73.569205598239","-112.080243349675","246.26438709282"
