"Scenario","Conversion.processes","Transport.processes","Resources"
"gridCase_minCost",562829.7,605136.36,1605043641.6
"designCase_minCost",70769984.1127875,2744201.8,52883238.744
"designCase_minEmissions",7098174273.13775,8644924.76,3839019996.168
"designCase_minWaste",8517450048.724,8644924.76,3312828417.6
"designCase_minWater",9331276557.36925,8644924.76,3838359348.504
"wildcard_current_minCost",3859601.17713475,230405.08,18035170.344
"wildcard_medium_minCost",4721989.13243163,306441.68,16781330.52
"wildcard_long_minCost",4990384.58528388,253359.48,16961054.184
