"scenario","Direct","Utility"
"designCase_minCost",2,0.333333333333333
"designCase_minEmissions",2.5,0.388888888888889
"designCase_minWaste",2,0.333333333333333
"designCase_minWater",2,0.333333333333333
"wildcard_current_minCost",1.85714285714286,0.894736842105263
"wildcard_medium_minCost",1.75,0.714285714285714
"wildcard_long_minCost",1.66666666666667,0.894736842105263
