"scenario","in.","prod","waste","irrev","eff"
"gridCase_minCost",6197.01180587603,64.8407811133631,1.6762670073e-05,6132.171008,1.046323343323
"designCase_minCost",136.55093875,64.8407811133631,2.8201927912945,68.8899648453425,47.4846835231757
"designCase_minEmissions",15897.4125,64.8407811133631,5939.5290239716,9893.04269491504,0.407870029876642
"designCase_minWaste",15897.4125,64.8407811133631,8714.43611938659,7118.13559950004,0.407870029876642
"designCase_minWater",15795.6725,64.8407811133631,6059.15183107501,9671.67988781163,0.410497122635096
"wildcard_current_minCost",1548.37974336193,64.8407811133631,1626.92445105086,-143.385488802292,4.1876536677351
"wildcard_medium_minCost",2039.11990843711,64.8407811133631,2119.59596398842,-145.316836664679,3.17984150147701
"wildcard_long_minCost",2218.81974403774,64.8407811133631,2297.78762286447,-143.808659940092,2.9223095426115
