"scenario","in.","prod","waste","irrev","eff"
"gridCase_minCost",6197.01180587603,64.8407811133631,134.01356220896,5998.15746255371,1.046323343323
"designCase_minCost",127.74404375,64.8407811133631,2.37746551859449,60.5257971180425,50.7583596149962
"designCase_minEmissions",15897.4125,64.8407811133631,15601.3532857661,231.218433120557,0.407870029876642
"designCase_minWaste",13671.66173625,64.8407811133631,7032.47146313859,6574.34949199804,0.474271397027325
"designCase_minWater",15897.4125,64.8407811133631,6179.92628095235,9652.64543793428,0.407870029876642
"wildcard_current_minCost",26.3297433619275,64.8407811133631,104.874451050856,-143.385488802292,246.26438709282
"wildcard_medium_minCost",9.71990843710628,64.8407811133631,90.1959639884224,-145.316836664679,667.092509491446
"wildcard_long_minCost",11.4697440377443,64.8407811133631,90.4376228644735,-143.808659940092,565.320210285313
