"scenario","in.","prod","waste","irrev","eff"
"gridCase_minCost",6197.01180587603,64.8407811133631,134.01356220896,5998.15746255371,1.046323343323
"designCase_minCost",127.74404375,64.8407811133631,2.37746551859449,60.5257971180425,50.7583596149962
"designCase_minEmissions",15897.4125,64.8407811133631,15601.3532857661,231.218433120557,0.407870029876642
"designCase_minWaste",13671.66173625,64.8407811133631,7032.47146313859,6574.34949199804,0.474271397027325
"designCase_minWater",15897.4125,64.8407811133631,6179.92628095235,9652.64543793428,0.407870029876642
"wildcard_current_minCost",1548.37974336193,64.8407811133631,1626.92445105086,-143.385488802292,4.1876536677351
"wildcard_medium_minCost",2039.11990843711,64.8407811133631,2119.59596398842,-145.316836664679,3.17984150147701
"wildcard_long_minCost",2218.81974403774,64.8407811133631,2297.78762286447,-143.808659940092,2.9223095426115
