"scenario","in.","prod","waste","irrev","eff"
"gridCase_minCost",6197.01176585043,64.8407410877624,1.6762670073e-05,6132.171008,1.04632270419555
"designCase_minCost",136.45093875,64.8407410877624,1.1288876391e-05,71.6101863733612,47.5194540116437
"designCase_minEmissions",15897.4125,64.8407410877624,7165.94201128888,8666.62974762336,0.407869778102332
"designCase_minWaste",14377.008135,64.8407410877624,4447.50066665166,9864.66672726057,0.451003021483387
"designCase_minWater",15897.4125,64.8407410877624,4198.16801128888,11634.4037476234,0.407869778102332
"wildcard_current_minCost",1548.37974336193,64.8407410877624,1626.92445105086,-143.385448776691,4.18765108273611
"wildcard_medium_minCost",2039.11990843711,64.8407410877624,2119.59596398842,-145.316796639079,3.17983953859094
"wildcard_long_minCost",2218.81974403774,64.8407410877624,2297.78762286447,-143.808619914492,2.92230773869747
