"scenario","in","prod","waste","irrev","eff"
"designCase_minWaste","15797.4125","64.8407811133631","4015.17830530845","11717.3934135782","0.410451908585428"
