"scenario","in","prod","waste","irrev","eff"
"designCase_minEmissions","15897.4125","64.8407811133631","15598.9722613142","233.599457572438","0.407870029876642"
