"scenario","in","prod","waste","irrev","eff"
"designCase_minCost","151.40723","64.8407811133631","3.3558927912615","83.2105560953755","42.8254193101367"
