"scenario","in","prod","waste","irrev","eff"
"wildcard_long_minCost","11.4697440377443","64.8407811133631","90.4376228644735","-143.808659940092","565.320210285313"
